homeshop,storeshop,employ,income,location,size,age
20,310,9,NA,2,1,72
92,230,9,30550,2,2,60
69,240,10,64971,2,4,19
88,192,9,37298,4,2,63
49,42,1,41135,4,6,47
50,25,1,35401,4,2,59
132,42,9,NA,4,2,64
58,96,1,NA,4,2,51
30,68,9,37560,4,2,60
140,218,9,15678,4,2,65
148,180,1,29624,4,3,65
116,308,2,27122,4,4,47
38,256,2,NA,4,2,63
116,126,1,NA,4,2,24
106,118,9,NA,4,6,72
132,122,1,4105,2,3,49
196,126,5,22786,2,2,44
60,92,5,819,2,1,49
126,278,9,32908,2,2,83
128,216,1,72442,2,4,47
100,345,9,16318,2,2,67
66,345,5,594,2,1,50
148,230,1,52668,2,2,39
122,117,9,1958,2,1,66
66,60,2,16110,2,3,38
140,294,9,18161,2,1,76
58,111,7,42402,2,4,39
40,220,1,74285,2,3,33
88,90,9,1421,2,1,62
50,30,1,20999,2,3,17
198,188,9,NA,2,1,81
110,304,1,20912,4,4,42
148,58,9,NA,2,2,73
216,152,2,29863,2,4,40
54,298,9,60940,2,1,83
10,298,1,20451,2,7,47
88,30,7,35336,2,3,27
170,340,1,43213,2,4,41
54,385,1,40494,2,3,55
88,178,9,3321,2,2,71
138,348,8,9099,2,2,50
132,104,10,NA,2,2,22
64,52,1,22950,2,2,27
64,104,5,NA,2,4,45
20,62,7,8683,2,2,29
36,106,9,NA,2,2,67
152,298,1,46394,2,1,22
36,244,1,3502,2,3,38
9,305,1,70013,2,1,59
18,447,8,NA,2,2,50
69,40,1,NA,2,1,46
66,256,1,12284,2,2,28
56,302,2,35864,1,3,31
100,172,8,10020,1,3,48
32,122,1,38536,1,1,44
230,90,10,3657,1,3,17
216,306,6,1292,1,3,57
222,315,1,25881,1,2,55
78,298,7,21517,1,3,59
64,288,7,9596,1,3,26
194,310,9,28579,1,1,70
196,148,2,NA,1,4,50
10,213,1,43381,1,4,48
56,120,1,20895,1,1,55
170,230,2,6213,1,1,64
222,154,1,NA,1,2,27
146,380,10,NA,1,4,24
138,38,1,NA,1,1,39
38,78,1,NA,1,3,38
26,310,2,NA,1,2,61
54,152,2,NA,1,3,45
28,32,1,NA,1,1,30
172,320,1,NA,1,4,44
72,68,2,NA,1,3,47
170,185,1,NA,1,3,26
122,192,1,14974,1,1,24
106,352,9,28939,1,2,63
88,180,1,NA,1,5,45
156,104,1,NA,1,4,30
108,32,2,NA,1,3,55
99,116,1,NA,1,5,40
30,114,1,77221,1,2,33
198,385,9,22638,1,1,72
54,138,9,1113,1,1,85
196,284,1,43291,1,1,30
172,114,9,447,1,1,61
20,226,1,57126,1,1,58
129,310,7,41168,1,4,33
43,230,1,32523,1,2,36
126,264,1,NA,1,5,40
10,382,1,52509,1,5,41
26,284,10,NA,1,3,19
20,32,1,32312,2,4,48
38,62,1,NA,2,2,64
88,284,9,NA,2,1,65
66,60,8,9150,2,1,52
216,282,9,6934,2,1,75
70,222,9,7072,2,1,62
87,298,1,20640,2,2,57
154,80,1,31105,2,2,39
8,42,1,30534,2,3,45
81,204,2,36505,2,5,33
20,6,6,15351,2,1,38
99,372,1,55953,2,5,35
216,305,9,6397,2,1,83
55,58,9,9525,2,1,67
138,110,5,1644,2,3,31
170,152,5,1798,2,1,37
64,345,8,NA,2,1,43
128,358,1,13133,2,1,30
76,278,7,9860,2,3,43
216,231,8,NA,2,2,59
26,294,2,NA,3,3,26
13,288,1,56549,3,3,32
196,248,1,NA,3,1,31
18,224,7,47647,3,4,30
196,382,9,NA,3,3,68
132,224,1,NA,3,2,27
20,124,1,16530,3,1,32
144,90,9,NA,3,2,54
196,150,9,NA,3,2,80
23,216,7,NA,3,4,31
62,42,1,15316,3,1,67
92,176,6,1626,3,2,59
88,132,2,30574,3,1,58
14,59,1,NA,3,2,50
216,224,1,50954,3,2,47
222,176,1,NA,3,1,67
76,284,6,3222,3,1,58
50,144,1,60812,3,2,28
76,358,9,NA,2,2,76
110,120,9,12080,2,1,76
152,150,9,NA,2,2,83
20,240,1,51358,2,4,53
104,75,9,8997,2,1,79
38,98,2,15889,2,2,50
20,116,1,45636,2,4,37
54,111,2,31514,2,3,43
16,82,1,87804,2,4,49
116,288,1,13255,2,3,52
194,154,1,54312,2,2,41
26,30,9,NA,2,2,61
54,252,9,15778,2,1,66
88,138,1,72899,2,2,49
14,149,1,54469,2,2,42
39,189,2,43099,2,4,33
30,149,9,NA,1,2,72
16,372,2,NA,1,4,42
60,375,9,NA,1,3,63
32,62,7,NA,1,5,49
72,292,1,NA,1,4,55
216,10,1,NA,1,3,42
22,355,2,NA,1,4,50
156,40,9,NA,1,2,78
50,290,1,NA,1,3,55
234,32,7,NA,1,5,33
20,52,8,9888,2,1,39
24,220,1,28325,2,2,68
198,320,10,4134,2,1,17
8,50,10,NA,2,4,25
172,183,1,29817,2,2,22
36,38,2,9210,2,1,57
44,456,1,NA,2,3,41
108,148,1,10016,2,2,54
92,90,8,1194,2,1,43
35,333,1,32296,2,1,49
198,54,8,11390,2,2,46
148,355,9,35241,2,2,62
176,216,1,43433,2,2,28
194,74,1,34902,2,1,53
154,372,8,9448,2,1,47
98,138,9,18748,2,2,76
72,226,1,6129,2,1,48
24,368,9,32174,4,1,73
20,238,1,NA,4,2,64
76,232,9,27338,4,2,62
99,92,2,16143,4,5,52
138,306,9,22357,4,2,67
64,288,9,18955,4,2,63
128,345,9,11798,4,1,81
68,224,9,40815,4,2,55
56,150,9,415,2,1,71
100,78,2,25865,4,2,50
18,358,9,28875,4,1,67
10,22,9,19744,4,1,75
11,18,1,57332,4,3,40
88,300,1,NA,4,1,34
82,132,9,15688,4,3,72
82,282,7,66951,4,3,42
128,204,7,NA,2,3,50
48,224,1,NA,2,2,53
220,198,1,NA,2,2,42
88,330,9,NA,2,1,78
196,92,2,NA,2,1,48
76,178,7,NA,2,4,32
106,36,9,NA,2,2,82
138,222,8,NA,2,2,58
72,148,1,NA,2,3,45
198,104,1,NA,2,2,55
216,234,1,NA,2,1,30
98,132,1,44467,2,2,49
39,120,7,11468,2,5,30
170,180,2,1291,2,3,37
28,32,9,NA,2,2,64
27,60,1,36259,2,4,30
88,6,2,NA,2,1,60
120,214,2,NA,2,3,53
72,32,9,5404,2,1,66
138,230,1,17556,2,1,28
58,240,6,14155,2,5,43
64,172,9,NA,2,2,82
69,108,9,4146,2,1,62
132,340,9,NA,2,2,64
152,234,2,1038,2,4,47
216,116,1,19792,2,1,57
138,62,1,NA,2,3,55
16,149,1,32998,2,4,56
76,385,7,NA,2,3,61
30,235,9,6367,2,2,68
60,108,1,29429,2,2,35
72,300,1,17751,2,2,52
64,256,5,3285,2,4,33
50,152,2,20073,2,4,37
55,225,5,2014,2,2,25
138,320,10,2092,2,1,27
56,348,1,15586,2,2,38
138,90,8,10363,2,1,51
76,150,1,1134,2,3,27
62,45,2,16767,2,2,22
68,48,7,19776,2,4,26
202,42,2,572,2,2,35
198,148,7,4829,2,5,35
76,375,1,1284,2,2,41
18,304,2,NA,2,6,29
92,408,1,19540,2,5,47
88,372,7,17563,2,3,39
220,144,1,12614,2,1,54
54,252,10,2801,2,1,19
196,244,7,3340,2,5,29
216,36,1,19406,2,1,53
76,16,2,1279,2,4,22
152,284,1,41176,2,4,46
56,286,2,56969,2,3,28
38,40,9,27096,2,2,61
216,122,1,23462,2,5,45
152,38,5,8802,2,1,30
128,304,1,77334,2,4,50
94,320,8,9353,2,1,41
26,172,1,24754,2,1,63
156,192,1,40673,2,2,29
170,330,9,7422,2,1,71
220,54,9,1249,2,1,76
82,312,9,11329,2,1,73
2,225,2,50367,2,3,21
58,54,7,23718,2,4,22
24,88,9,NA,2,3,69
76,52,1,34023,2,2,31
196,132,1,NA,2,2,62
56,124,9,NA,2,1,66
132,252,2,13810,2,2,49
54,138,1,75126,2,2,32
216,352,9,NA,2,1,79
64,224,6,NA,2,2,52
42,32,1,46593,2,2,22
68,150,1,44815,2,2,29
60,310,9,5426,2,2,76
222,6,1,15278,2,2,53
98,38,1,34045,2,4,41
64,40,1,17181,2,3,44
100,26,1,24224,2,1,59
138,40,1,19969,2,2,57
138,150,9,1211,2,2,79
144,98,9,11594,2,1,85
82,256,2,7059,2,2,64
202,222,9,33274,2,2,80
138,80,2,28431,2,3,52
72,224,1,89866,2,4,16
166,186,2,5573,2,4,34
26,228,9,666,2,1,80
122,429,9,13377,2,2,72
12,144,2,45151,2,3,36
196,290,9,895,2,1,74
220,288,9,2807,2,2,78
76,230,9,15668,2,1,79
56,42,2,NA,4,4,48
88,52,9,NA,4,1,78
88,286,9,46639,4,2,67
82,172,9,21289,4,1,67
64,8,1,81626,4,4,38
24,284,1,10930,4,3,42
88,234,2,70101,4,3,56
196,286,1,NA,4,1,67
18,310,1,14558,4,2,48
18,119,1,37937,4,2,59
30,300,1,56705,1,3,42
220,310,1,57011,1,1,47
128,122,5,5434,1,1,43
104,272,2,18917,1,3,21
156,183,1,84782,1,4,44
170,144,9,4058,1,1,81
196,122,1,15863,1,2,38
144,122,1,41834,1,1,38
66,290,1,28992,1,1,66
19,288,1,80485,1,1,37
196,108,10,13907,1,1,25
42,62,1,46029,1,2,55
92,152,7,10001,1,4,34
20,38,9,12240,1,1,64
54,298,1,76786,1,4,30
170,310,9,NA,3,2,79
162,38,1,20165,3,4,34
230,58,1,62178,3,3,53
202,204,9,14758,3,2,65
20,152,2,NA,3,2,54
14,284,1,64281,4,4,44
198,366,2,16425,2,6,44
76,22,1,28387,2,1,51
108,388,9,NA,2,2,79
64,156,9,NA,2,1,61
116,230,1,41290,2,2,47
57,298,1,14631,2,1,69
122,298,9,2004,2,1,85
198,333,2,21712,2,3,35
88,333,9,17119,2,2,66
94,380,9,NA,2,2,72
22,284,1,88090,3,2,47
38,154,1,NA,2,2,67
54,248,1,64484,2,2,54
92,22,10,NA,2,2,46
4,272,9,40819,2,2,66
216,104,2,47391,2,2,40
76,230,9,NA,2,1,76
99,284,2,20579,2,4,45
26,330,1,60966,2,2,31
170,290,2,NA,2,2,54
42,36,9,NA,2,1,77
166,372,9,NA,2,1,82
64,90,1,82308,2,3,42
98,224,2,NA,2,3,59
170,186,2,NA,2,1,55
198,176,1,NA,2,2,54
58,176,9,9745,2,2,68
68,112,2,NA,2,4,57
220,40,9,3154,2,1,83
88,362,9,7555,2,2,74
56,132,8,6006,2,1,57
122,208,1,56392,2,1,44
82,42,9,2251,2,1,79
56,298,9,5966,2,1,83
117,138,7,16967,2,5,27
8,30,2,43052,2,3,38
10,189,9,NA,2,1,70
88,130,9,5286,2,1,63
106,38,2,687,2,3,34
104,230,1,33417,2,3,24
48,55,10,NA,2,2,20
170,288,7,NA,2,7,39
156,298,9,3187,2,1,63
29,385,2,NA,2,3,49
8,244,1,NA,2,7,48
104,348,1,1611,2,2,58
120,288,1,NA,2,5,49
220,185,2,24344,2,2,22
110,288,9,17935,2,1,80
128,42,1,12064,2,3,47
216,152,1,NA,2,2,49
222,40,1,21252,2,1,29
108,244,1,14275,2,1,58
32,108,1,26456,2,2,22
106,224,9,NA,2,2,69
220,230,1,NA,2,4,44
156,378,2,NA,2,4,47
56,380,9,NA,2,2,79
132,185,6,NA,2,2,29
94,240,1,NA,2,1,54
88,120,7,NA,2,2,25
152,68,1,5279,2,2,21
68,52,1,NA,2,2,67
106,94,7,57956,2,4,36
34,78,1,55135,2,2,40
11,144,2,10254,2,3,47
72,110,1,69668,2,6,49
172,152,1,12993,2,3,65
38,58,7,6398,2,1,41
56,58,2,NA,2,3,40
24,426,8,8537,2,2,60
128,298,7,4462,2,2,45
88,234,1,58681,2,1,35
111,230,1,20222,2,2,27
56,116,9,NA,2,1,71
54,315,1,NA,2,4,49
216,278,9,NA,2,1,85
172,232,9,9264,2,1,60
64,192,1,29308,2,1,22
132,306,9,NA,2,2,72
108,42,9,NA,2,1,84
198,116,1,NA,2,1,35
76,300,2,NA,2,4,47
68,38,9,NA,2,2,67
10,26,1,NA,2,3,39
66,24,1,NA,2,5,35
24,352,2,NA,2,3,38
54,24,1,NA,2,2,52
202,22,1,NA,2,2,61
92,234,2,NA,2,3,48
44,228,1,52814,2,1,58
116,380,9,NA,2,1,77
156,144,5,5885,2,1,29
92,382,7,5012,2,3,22
110,87,7,10356,2,3,26
34,298,1,29422,2,4,23
68,256,9,NA,2,2,82
242,176,1,NA,2,5,18
154,306,9,NA,2,1,61
48,298,9,NA,2,2,62
88,429,9,NA,2,1,65
132,278,9,NA,3,2,83
100,24,6,9781,3,1,52
152,40,9,18105,3,1,61
76,50,9,13762,3,2,65
170,138,1,36425,3,2,40
33,122,1,73705,3,5,32
38,126,9,30091,3,2,80
128,372,9,18864,3,2,71
202,298,8,30512,3,2,48
170,244,9,24828,4,1,67
101,32,8,9251,4,4,46
128,154,9,NA,4,1,79
61,174,1,77983,4,2,30
64,26,9,NA,4,1,77
216,46,6,16329,2,4,48
198,52,9,11582,2,2,69
2,230,2,22929,2,2,49
70,312,9,NA,2,2,76
126,63,10,29081,2,4,18
46,222,9,19318,2,2,62
152,302,1,29911,2,3,26
202,78,1,NA,2,3,29
68,152,9,NA,2,1,81
68,248,1,15569,2,1,66
20,68,9,NA,2,1,85
234,98,1,28926,2,2,40
140,230,7,NA,2,5,25
68,189,1,15400,2,2,41
88,305,9,18552,2,1,62
85,220,1,37524,2,2,43
48,106,7,12068,2,1,70
196,300,8,9443,2,1,58
154,110,8,5958,2,1,29
172,190,1,6535,2,2,53
116,40,10,NA,2,6,19
98,304,1,19089,2,1,48
170,310,1,46639,2,2,25
104,213,9,NA,2,2,68
38,234,10,NA,2,4,16
9,30,10,NA,2,6,20
152,310,1,17440,2,1,35
166,208,1,2127,2,1,58
234,40,10,NA,2,2,29
216,382,5,7832,2,2,40
222,272,10,NA,2,5,20
128,111,9,25708,2,2,61
100,30,1,NA,2,3,56
170,298,1,63691,2,1,55
104,372,9,NA,2,1,68
88,60,1,87962,2,2,35
74,141,1,NA,2,3,24
6,288,1,55275,2,3,47
9,148,10,NA,2,3,30
140,90,1,56775,2,5,48
117,148,1,55988,2,2,52
116,310,1,47331,2,2,52
64,130,1,40327,2,1,35
138,42,1,NA,2,3,25
28,148,1,39507,2,3,42
86,304,2,NA,2,3,48
76,40,9,NA,2,1,84
148,244,10,17772,2,5,35
20,189,9,13525,2,1,73
62,290,8,NA,2,2,54
198,152,1,NA,2,3,17
56,45,6,5281,2,2,48
88,308,1,34248,2,1,50
56,355,2,26190,2,2,28
120,40,7,49473,2,4,58
28,24,1,18206,2,2,69
48,118,1,28875,2,4,37
156,141,10,NA,2,1,28
170,192,1,NA,2,4,31
140,30,1,34612,2,1,42
54,50,1,3756,2,1,48
172,292,1,5216,2,1,27
24,8,9,40037,2,4,67
230,234,5,8815,2,1,28
92,115,1,26030,2,1,28
108,240,1,43248,2,4,48
92,222,9,8,2,2,81
116,192,8,19147,2,1,57
138,60,2,23914,2,4,48
11,234,1,63286,2,3,49
18,69,2,24131,2,3,32
18,292,9,34461,2,1,69
42,310,1,35607,2,1,53
116,108,1,24190,2,3,38
216,45,1,66095,2,4,41
230,192,7,20657,2,2,52
165,192,1,83892,2,4,48
128,278,9,50516,2,1,77
128,300,9,41242,2,2,72
156,172,1,74811,2,4,30
196,154,9,29703,2,2,62
98,186,1,38209,2,2,35
70,244,1,85710,2,4,49
196,118,1,22277,2,2,62
166,92,9,215,2,1,66
216,58,2,NA,3,5,47
140,98,1,NA,3,3,29
138,120,1,12008,3,2,69
230,348,2,12432,3,1,18
76,290,9,NA,3,1,77
60,152,8,10634,3,1,35
64,78,9,9667,3,1,83
138,145,9,NA,3,1,80
110,30,1,6332,3,1,17
64,176,9,7959,3,1,72
24,360,9,NA,3,2,85
68,290,9,112,3,1,64
196,304,1,31256,3,2,44
104,290,9,29431,4,3,65
144,298,9,16731,3,1,73
54,234,9,NA,3,1,78
64,26,2,11298,4,3,33
56,98,9,5254,4,1,64
18,174,1,NA,3,3,26
156,230,1,NA,3,2,56
194,122,1,13701,3,1,62
66,40,7,10636,2,3,34
25,396,7,17508,2,2,52
48,10,9,12996,2,2,60
54,294,2,18089,2,2,66
88,74,9,17892,2,1,67
132,6,2,16587,2,3,50
69,18,1,34772,2,1,45
144,110,9,NA,2,2,84
80,231,7,16212,2,2,46
66,144,2,NA,2,5,32
62,90,2,NA,2,4,44
56,63,1,24259,2,1,35
138,36,9,7980,2,1,76
60,30,9,2260,2,2,84
196,80,9,7268,2,2,74
13,20,1,34516,2,4,32
98,315,9,31104,2,2,82
36,382,1,33854,2,1,48
92,20,1,14465,2,2,33
98,286,9,6681,2,1,85
58,32,9,9697,2,1,60
138,298,9,6489,4,1,76
54,144,9,34591,2,1,71
116,106,9,8760,2,1,78
216,264,2,1176,2,2,52
56,224,2,79043,2,2,65
88,148,1,53299,2,2,36
66,198,9,NA,2,1,52
34,238,2,NA,2,4,30
152,192,1,NA,2,3,44
92,216,9,NA,2,2,71
74,110,7,NA,2,7,48
156,118,2,NA,2,4,50
57,126,1,NA,2,2,54
20,54,1,NA,2,3,53
138,120,1,NA,2,2,60
54,126,9,NA,2,1,81
92,235,9,NA,2,1,60
132,120,2,NA,2,4,49
138,93,1,3820,2,1,47
87,300,9,19731,4,2,68
78,8,2,33965,4,4,42
99,230,7,31061,4,5,39
68,302,9,3530,4,2,61
144,380,9,47184,4,3,60
35,104,7,NA,4,5,54
26,106,1,29122,4,3,21
74,192,1,67179,4,3,49
144,218,9,28605,4,2,69
6,264,5,NA,4,2,37
75,30,10,26099,4,4,16
110,230,9,NA,4,1,72
88,104,2,16751,4,2,67
202,188,1,80274,4,3,28
48,172,9,6704,4,1,61
38,208,2,NA,4,1,61
126,292,9,6365,4,1,77
234,188,8,NA,2,3,51
98,380,8,1230,2,1,56
94,96,9,NA,2,2,60
98,198,6,9519,2,3,23
128,34,5,542,2,1,27
162,225,7,19965,2,7,24
28,216,7,3918,2,2,31
78,38,8,3258,2,3,30
56,141,9,8094,2,1,60
88,124,9,16594,2,2,71
108,188,8,4839,2,1,33
62,26,5,NA,2,2,45
230,372,8,3226,2,2,45
108,310,7,NA,2,4,58
114,222,1,16910,2,3,31
156,298,8,3633,2,1,54
128,8,7,NA,2,4,33
30,348,2,11120,2,2,27
18,22,2,5820,2,1,66
216,232,1,4760,2,4,45
144,144,2,31813,2,4,49
110,138,5,NA,2,1,50
198,288,1,32350,2,2,29
120,72,1,9610,2,1,68
8,214,9,8726,2,1,72
58,385,2,16519,2,4,48
82,10,2,1441,2,2,23
88,150,9,NA,2,2,67
58,110,7,12282,2,2,29
13,126,7,19616,2,3,35
22,284,1,NA,2,3,59
148,284,1,17220,2,3,34
64,238,1,24556,2,1,63
15,231,2,4128,2,3,23
122,188,1,41084,2,2,42
76,166,1,45627,2,4,30
38,34,9,16146,3,1,69
48,92,2,25802,3,2,65
22,18,2,19206,3,3,38
64,286,2,NA,4,2,54
196,159,9,NA,3,1,77
98,150,9,NA,3,1,71
115,278,1,23148,4,2,58
33,348,1,84813,3,4,33
140,447,1,NA,3,1,36
60,58,2,NA,3,2,62
198,87,1,28850,4,2,53
106,232,1,NA,2,3,50
50,375,9,NA,2,2,73
216,148,1,25606,2,3,29
20,298,1,47850,2,2,57
88,382,8,4620,2,2,37
76,116,2,31378,2,4,34
216,308,9,NA,2,2,63
56,375,2,38630,2,2,51
20,45,1,28654,2,3,34
99,596,2,31056,2,1,68
216,104,6,NA,2,3,56
110,231,9,NA,2,2,65
87,130,9,19895,2,2,67
88,30,9,NA,2,2,72
216,192,9,NA,2,1,84
38,380,9,8927,2,1,83
220,8,7,81944,2,2,54
44,90,1,17912,2,2,66
88,63,1,NA,2,1,51
66,50,8,NA,2,4,51
216,278,1,NA,4,2,41
10,130,7,NA,2,3,33
6,150,2,40124,2,3,43
99,382,2,NA,2,2,56
60,298,2,22346,2,2,59
106,238,9,16507,2,2,68
170,240,7,29904,2,4,33
132,222,10,NA,2,1,20
172,372,1,66109,2,2,48
54,24,9,15745,2,1,62
104,154,9,77695,2,2,85
64,145,1,NA,2,5,23
66,38,1,43884,2,2,22
196,152,1,76536,2,2,34
20,288,1,87778,2,4,35
100,252,10,66972,2,6,22
128,304,7,NA,2,3,21
140,108,7,39874,2,4,39
88,238,1,65023,2,3,45
156,294,2,52329,2,4,32
100,292,1,NA,1,5,49
152,132,8,NA,1,1,58
38,58,10,NA,1,1,24
132,52,8,NA,1,2,32
70,310,1,NA,1,2,26
196,378,1,NA,1,3,55
216,351,9,13203,2,2,76
54,372,9,NA,2,1,85
147,244,10,33604,2,2,22
88,8,7,NA,2,3,41
104,382,9,3777,2,1,60
20,207,2,24185,2,3,37
128,305,9,NA,2,1,76
64,188,1,14420,2,3,58
108,352,2,26556,2,1,44
76,372,1,NA,2,2,52
72,288,9,NA,2,1,76
166,145,8,225,2,1,55
47,36,9,NA,2,1,69
76,75,1,13402,2,1,56
37,310,7,4775,2,3,29
5,222,1,32373,2,3,48
44,372,9,2202,2,1,78
36,385,9,NA,2,1,84
22,333,9,NA,2,4,69
69,138,9,11393,2,1,67
88,372,1,4588,2,3,34
18,208,7,16717,2,3,47
6,50,7,256,2,3,22
24,288,7,9568,2,5,28
16,15,1,24649,2,3,34
76,378,9,7073,2,1,82
56,408,8,9220,2,4,41
30,248,2,NA,2,3,36
82,429,7,NA,2,4,34
57,230,8,NA,2,1,29
122,248,2,NA,2,1,80
154,116,9,NA,2,1,54
138,288,9,1675,2,1,65
64,27,9,17989,2,1,80
54,150,1,38735,2,1,26
56,106,1,18262,2,1,44
38,300,2,37581,2,3,24
88,122,2,NA,2,4,54
99,108,2,36738,2,5,45
70,192,9,NA,2,2,78
98,185,1,NA,2,2,59
76,372,1,NA,2,3,65
128,90,9,NA,2,1,69
154,130,9,NA,2,1,76
202,222,2,55009,3,4,33
70,62,1,46853,3,2,59
154,54,9,NA,4,1,78
47,248,1,75793,3,4,40
154,40,1,32631,3,1,46
10,234,1,24394,3,2,28
170,69,9,4995,3,2,76
8,87,9,10081,4,1,65
39,378,1,67659,4,2,43
38,304,2,NA,4,2,67
198,172,9,16794,4,1,75
55,286,2,47025,4,4,39
234,22,1,73036,4,2,55
222,357,2,NA,4,2,67
128,456,9,50394,2,1,75
28,264,9,5706,2,2,62
42,228,8,11164,2,1,57
38,278,9,32603,2,1,84
126,288,9,8339,2,2,70
16,98,2,23638,2,3,35
5,88,1,37648,2,1,37
64,286,1,51298,2,2,52
24,32,2,17175,2,2,55
8,82,9,34822,2,2,68
72,230,9,14741,2,1,68
154,116,9,13879,2,2,68
2,278,9,77121,2,2,69
230,106,6,18927,2,3,60
202,368,9,NA,2,1,82
64,20,9,10921,2,1,66
108,36,9,NA,2,1,66
77,80,1,28037,2,3,47
138,130,9,5804,2,1,81
111,300,9,9530,2,1,63
62,148,9,19562,2,2,61
12,32,2,58481,2,4,38
18,32,1,52148,2,4,35
76,286,1,NA,2,1,38
104,72,9,NA,2,1,76
10,40,8,25316,2,2,33
44,429,2,NA,2,3,27
42,22,1,11506,2,1,38
52,272,1,13479,2,4,22
12,32,1,62088,2,5,46
110,174,1,39893,2,4,25
202,132,9,17538,2,1,82
26,22,1,50549,2,3,32
94,264,1,71395,2,2,36
156,345,9,18089,2,3,82
132,228,1,61176,2,4,53
60,234,7,26793,2,2,43
48,111,9,2617,2,1,77
132,282,7,80940,2,2,54
62,40,2,31440,2,6,56
104,290,9,17290,2,2,71
230,429,2,50421,2,2,76
19,288,2,52381,2,1,68
18,183,10,75139,2,3,17
88,62,9,5406,2,1,73
128,40,10,8920,2,4,23
104,68,10,4240,2,1,26
48,298,1,NA,2,4,37
8,278,9,32149,2,2,65
172,174,6,33201,2,2,27
6,116,10,5533,2,4,25
49,88,1,39160,2,4,31
146,24,10,19163,2,4,20
26,390,9,44,2,2,73
126,222,10,NA,2,4,25
28,208,1,47303,2,3,53
148,38,1,27690,2,5,56
76,22,9,NA,2,2,77
128,224,7,NA,2,5,42
27,290,2,71991,2,3,52
37,36,10,NA,2,4,24
128,40,7,31886,2,1,41
35,52,2,49977,2,4,40
39,90,2,18537,2,3,35
88,104,1,12871,2,1,54
48,22,1,53573,2,1,43
10,62,9,NA,4,1,79
88,310,1,57249,2,2,42
66,50,1,NA,2,2,44
47,122,1,NA,2,4,41
8,88,9,NA,2,2,69
230,148,5,NA,2,1,26
116,384,1,NA,2,4,41
30,204,1,NA,2,2,50
122,176,2,NA,2,1,42
202,252,7,NA,2,2,44
138,34,2,33307,2,2,58
88,126,9,NA,2,2,58
106,72,1,33420,2,2,63
128,108,1,12518,2,2,65
66,220,1,22071,4,3,41
54,88,1,NA,2,4,33
198,447,9,NA,2,2,69
172,78,9,NA,2,2,60
166,176,9,NA,2,1,81
66,188,9,16327,2,2,69
198,226,9,13831,2,2,71
94,298,9,27231,2,2,68
194,310,9,NA,2,2,84
26,94,9,NA,4,2,81
82,90,9,NA,4,2,80
28,154,1,NA,4,2,44
100,447,9,NA,4,1,75
8,355,7,44022,4,3,32
36,228,2,83028,4,4,31
128,256,2,10883,4,2,48
54,312,9,8741,4,1,61
165,130,9,25232,4,2,67
147,126,1,18163,4,1,84
166,288,2,NA,4,1,84
88,312,2,NA,2,2,69
32,88,7,18423,2,6,21
198,355,2,NA,2,5,43
10,50,7,6454,2,2,40
44,355,1,13569,2,2,34
56,54,2,10972,2,3,32
106,248,2,9612,2,2,48
140,284,5,NA,2,3,25
62,286,1,918,2,3,28
12,278,2,44566,2,4,33
88,208,1,NA,2,4,37
92,390,9,1726,2,1,85
144,68,9,23734,2,1,69
108,272,1,NA,2,2,32
220,120,9,NA,2,1,70
194,62,9,NA,2,2,61
132,432,9,NA,2,1,83
95,305,1,NA,2,4,41
196,63,1,3613,2,1,58
48,222,9,14563,2,2,71
50,192,9,NA,2,1,76
194,180,1,84093,2,3,53
117,50,9,NA,2,2,77
20,208,1,35577,2,3,55
70,104,1,23805,2,3,36
110,282,9,NA,2,1,77
202,40,9,NA,2,2,63
76,148,2,NA,2,2,60
156,62,7,NA,1,3,56
64,162,9,33839,1,1,64
128,75,2,NA,1,1,50
220,308,5,7278,1,1,56
128,58,9,11710,1,1,81
54,252,9,NA,1,1,85
76,126,2,5085,2,3,20
60,372,2,12647,2,3,18
100,32,2,85810,2,5,59
198,180,1,31896,2,1,24
22,185,1,57416,2,2,54
20,340,1,14035,2,3,41
230,222,1,36666,2,3,37
36,80,1,159,2,2,21
138,76,10,NA,1,3,18
152,152,2,193,1,4,35
66,192,1,57111,1,5,36
68,152,5,19940,1,2,53
222,22,1,48877,1,2,23
216,143,1,16899,1,3,45
64,214,1,1708,1,2,45
16,214,9,22091,1,2,84
64,32,3,13308,1,1,39
222,186,1,63695,1,4,23
54,145,2,9017,1,4,36
18,55,5,19755,1,3,35
110,213,1,49862,1,2,40
54,388,9,49228,3,2,75
74,159,1,26411,4,2,41
92,144,9,25201,4,1,66
122,8,1,17438,2,2,49
27,110,7,5654,2,3,45
196,264,1,NA,2,2,33
166,55,7,8516,2,2,22
196,18,9,NA,2,3,62
66,60,1,18851,2,1,45
12,248,2,19963,2,3,30
132,46,1,27696,2,4,49
122,75,9,284,2,1,72
54,352,7,NA,2,4,38
76,308,5,12083,2,1,26
132,104,1,17489,2,1,54
38,288,9,11281,2,1,75
138,306,9,5534,2,1,71
126,30,9,NA,2,2,82
60,192,9,18302,2,2,84
116,130,8,12072,2,1,52
41,75,1,14840,2,3,39
138,330,2,NA,2,4,44
98,174,10,NA,2,4,27
234,426,1,34863,2,2,35
108,208,2,16050,2,1,32
154,232,1,13743,2,6,47
66,46,7,NA,2,6,32
92,42,2,NA,2,2,37
72,154,9,18535,3,2,64
86,154,2,2769,3,3,41
32,155,7,NA,2,3,27
100,72,2,8526,2,2,34
54,372,1,23355,2,1,40
26,63,9,5871,2,2,64
36,144,1,28051,2,4,39
47,18,7,44750,2,3,34
147,98,1,40719,2,4,46
220,366,2,32332,2,2,35
156,388,9,34943,2,2,66
128,382,1,48605,4,2,51
15,300,1,76966,4,6,36
120,213,9,545,2,2,64
68,298,9,47422,2,2,81
36,30,9,NA,2,2,71
76,188,9,16903,2,2,69
64,252,9,31118,2,2,65
156,368,9,15963,2,1,76
56,298,1,15146,2,2,51
120,214,1,49898,2,6,43
128,286,9,2635,2,2,80
172,278,1,27848,2,2,40
54,154,1,57333,2,2,43
76,32,1,NA,2,6,24
62,310,6,NA,1,3,39
198,423,9,NA,1,1,85
166,150,5,NA,1,4,24
111,10,7,NA,1,2,18
108,298,7,14999,1,2,29
88,192,2,2699,1,3,34
132,248,1,80811,1,2,36
44,212,1,NA,1,1,46
54,286,9,NA,1,1,83
106,240,5,NA,1,1,28
98,150,5,NA,1,3,36
154,20,5,NA,1,5,48
76,150,10,1107,1,1,29
96,190,10,7865,1,4,30
122,358,9,7716,1,1,61
88,42,9,NA,1,2,57
56,278,9,NA,1,2,69
76,32,1,NA,1,4,39
166,284,1,57584,1,4,32
9,192,9,4134,1,1,56
54,162,2,68238,1,4,40
8,158,1,48890,1,1,23
116,278,1,83405,1,5,66
5,183,1,55490,1,2,22
172,345,9,NA,1,1,82
54,22,1,25619,1,2,23
117,358,2,47179,1,2,50
97,32,9,13818,1,1,58
64,380,1,54615,1,1,44
88,152,1,61612,1,2,34
98,24,1,68971,1,2,44
194,248,1,NA,1,1,41
122,30,1,43352,1,1,30
152,372,1,82423,1,2,31
110,152,1,NA,1,1,26
128,150,1,NA,1,1,36
66,230,2,79304,1,2,41
234,310,1,22085,1,1,25
12,396,2,70690,1,5,35
92,62,1,66994,1,2,60
196,54,9,16996,2,2,61
148,358,9,4256,2,1,75
35,122,9,22515,2,2,61
18,30,2,NA,2,2,53
198,298,9,7868,2,1,84
32,192,2,1334,2,2,24
14,456,5,12292,2,2,61
64,30,1,27481,2,1,45
128,282,1,28749,2,1,43
62,362,9,17380,2,2,84
2,310,9,81,2,1,73
104,40,9,NA,2,2,79
48,30,9,NA,2,1,80
55,304,1,NA,2,2,28
166,188,1,27101,2,4,31
48,214,1,28059,2,3,46
194,32,2,34898,2,4,29
132,38,9,NA,2,2,63
66,58,9,NA,2,2,64
230,238,1,31137,2,3,38
198,30,9,NA,2,2,73
26,189,1,54613,2,4,30
198,68,9,NA,2,2,67
110,104,9,1041,2,2,77
72,298,1,NA,2,4,40
8,148,1,NA,2,4,48
26,214,1,37827,2,2,33
38,108,1,52861,2,1,68
20,348,9,NA,3,2,84
8,248,9,NA,3,2,83
26,162,1,22734,3,4,36
216,36,9,32013,3,2,66
66,218,9,7524,3,2,72
202,298,1,33383,3,1,33
106,162,8,226,3,1,46
138,145,9,NA,3,1,80
156,372,2,31250,3,5,35
28,304,9,15870,3,2,85
54,330,1,32991,2,1,55
88,78,9,51377,2,2,61
126,380,9,700,2,1,79
60,310,2,3413,2,3,19
54,152,9,6610,2,1,75
202,150,7,7055,2,4,16
9,24,1,18482,2,1,33
26,38,9,3309,2,1,73
36,355,1,28939,2,1,29
162,58,1,NA,2,4,49
33,38,1,31818,2,2,40
98,290,9,11977,2,2,76
234,225,7,30033,2,4,36
56,52,9,13225,2,1,65
28,30,1,81217,2,1,51
64,232,6,NA,2,1,28
234,336,9,NA,2,1,69
198,30,1,NA,2,2,23
88,176,1,NA,2,4,21
26,78,8,NA,2,1,22
122,188,2,NA,2,5,29
56,172,9,NA,2,2,68
64,152,6,NA,2,1,25
44,30,5,NA,2,3,42
120,232,1,NA,2,2,46
94,6,9,NA,2,2,85
10,308,1,NA,2,4,37
138,272,7,NA,2,5,48
126,284,9,12694,2,1,60
38,345,9,NA,2,2,65
122,385,9,NA,2,2,72
198,345,9,26860,2,2,69
56,390,9,NA,2,2,77
82,214,9,4617,2,1,84
56,12,9,20238,2,2,66
16,75,1,62413,2,3,44
82,62,9,NA,2,1,61
220,46,1,NA,2,2,65
172,75,10,5429,2,1,20
122,122,2,NA,2,2,40
2,248,7,67813,4,5,43
54,230,9,715,4,1,70
216,284,1,24592,4,1,65
54,46,2,88747,4,5,39
9,189,9,39435,4,2,83
147,232,9,25070,4,2,77
64,224,2,8081,4,2,84
66,108,2,4386,4,1,56
64,50,9,41546,3,2,71
220,417,9,49109,3,2,63
16,300,7,61749,3,3,36
234,24,9,21937,4,1,85
30,10,1,NA,4,3,40
64,60,9,18553,4,1,85
24,230,2,35344,4,2,65
10,320,9,4872,4,1,75
30,230,9,9023,2,2,70
64,244,9,17713,2,2,63
194,312,9,7574,2,1,80
72,222,9,NA,2,2,51
162,298,2,45115,2,3,35
172,340,9,8848,2,1,85
52,282,1,17852,2,2,21
70,244,1,18498,2,6,35
216,116,1,17419,2,3,23
198,120,9,NA,2,1,80
170,288,1,16774,2,1,66
156,132,9,7102,2,1,82
64,252,1,17607,2,1,67
14,188,9,NA,2,3,85
54,298,2,NA,2,6,23
88,144,2,17074,2,2,19
82,372,8,1203,2,1,64
32,42,10,1989,2,4,38
172,192,1,82015,2,2,28
72,284,9,NA,2,2,85
216,38,1,45845,2,1,46
222,375,9,20429,2,2,67
76,116,9,10841,2,1,76
222,116,9,10199,2,1,66
156,130,2,16806,2,1,52
76,372,1,18774,2,1,65
122,298,9,5644,2,2,61
194,362,2,11354,2,1,58
60,192,1,7670,2,3,54
54,144,1,88477,2,3,42
64,30,8,17172,2,7,45
88,26,2,15516,2,3,34
56,183,9,9243,2,1,60
234,38,9,4486,2,1,75
76,144,1,41545,2,4,33
170,282,1,55479,2,2,42
110,222,1,59758,2,1,38
14,148,1,33339,2,4,38
216,138,8,3068,2,1,34
19,144,1,61852,2,3,50
196,54,6,3690,2,3,45
54,130,9,66179,2,2,76
11,148,2,85750,2,4,57
22,188,2,59919,2,4,30
198,62,9,28559,2,2,69
14,308,2,44618,2,4,33
10,214,9,10313,2,1,72
56,308,9,7787,2,1,79
198,453,9,6509,2,2,67
234,362,9,10183,2,1,69
97,122,1,52043,2,4,32
38,38,1,19058,2,1,53
78,234,1,88927,2,4,42
60,224,9,7218,2,2,68
28,294,9,15364,2,2,63
24,216,1,26908,2,1,48
62,75,9,8177,2,1,68
110,302,1,36319,2,5,31
132,122,9,13409,2,1,79
140,240,5,54330,2,2,69
64,111,9,32140,2,3,62
57,213,1,79870,2,2,47
30,286,1,62689,2,3,31
76,145,9,28792,2,2,80
30,24,9,33490,2,2,85
88,230,9,31343,2,1,74
148,174,1,64203,2,2,27
100,138,1,71206,2,3,58
56,186,1,74567,2,2,38
56,78,8,31016,2,2,33
41,231,1,88358,2,4,44
198,186,1,49250,2,1,35
88,118,2,NA,2,1,58
15,18,2,NA,2,3,30
24,8,2,70992,2,3,42
55,183,2,NA,2,1,16
172,104,1,32519,2,3,24
64,352,1,28819,2,1,53
10,106,2,56316,2,4,46
42,172,1,87820,2,4,48
28,235,2,25138,2,3,41
128,256,7,5093,2,1,57
148,144,1,50195,2,3,44
56,282,1,NA,2,2,35
106,172,1,1941,2,2,28
148,188,2,66922,2,4,41
76,290,9,39769,3,1,64
88,278,8,7561,3,1,64
38,382,9,2491,4,2,74
11,180,2,19459,4,4,39
30,426,6,31505,4,6,44
108,144,9,3805,4,1,74
88,300,2,32534,2,5,31
132,408,7,6722,2,2,52
122,220,9,19713,2,2,72
27,166,7,13924,2,5,31
138,417,7,NA,2,3,66
198,46,1,16522,2,2,57
62,232,7,6310,2,2,25
148,294,9,6336,2,1,55
122,116,1,31814,4,1,38
16,286,1,2686,4,5,41
61,110,1,88219,4,3,58
76,320,1,38162,4,2,65
62,22,9,83034,3,4,66
82,130,2,40015,3,2,51
148,98,9,34306,3,2,84
15,90,9,9608,4,1,81
132,330,1,9658,4,2,42
8,60,9,47299,4,2,63
19,230,1,41740,4,3,47
96,120,1,29118,4,1,56
196,50,9,4164,2,1,84
76,152,9,NA,2,1,85
98,298,8,NA,2,1,30
76,69,1,NA,2,2,21
24,58,5,5215,2,1,17
152,352,9,NA,2,2,70
100,352,9,NA,2,2,84
138,306,1,16,2,1,49
48,150,1,NA,2,2,36
70,190,1,NA,2,4,46
148,308,1,NA,2,1,40
32,355,7,NA,2,3,19
216,32,9,NA,2,1,76
31,224,1,NA,2,4,18
38,226,1,18948,2,2,63
43,186,1,30902,2,3,54
74,180,1,44589,2,4,37
5,232,11,NA,2,3,31
8,465,9,NA,2,2,71
108,306,2,NA,2,1,30
26,145,9,NA,2,1,80
222,106,9,30921,2,2,61
62,372,2,19972,2,2,73
26,126,1,NA,2,4,17
38,372,7,NA,2,4,17
26,176,9,NA,2,4,60
48,284,9,NA,2,1,84
202,320,9,NA,2,3,73
56,308,9,NA,2,2,62
74,26,9,NA,2,2,65
8,74,1,NA,2,1,41
222,30,1,NA,2,1,53
198,198,9,NA,2,1,83
148,180,9,14158,2,3,60
13,174,7,32953,2,1,68
106,166,1,51349,2,3,31
68,23,2,NA,2,3,28
72,118,1,6534,2,3,54
170,22,9,NA,2,2,83
106,132,9,50930,2,2,71
170,186,7,15186,2,5,35
14,174,1,46334,2,5,30
10,45,2,62310,2,4,41
156,388,1,44091,2,2,51
152,92,9,29599,2,1,56
26,300,2,14439,2,2,64
170,172,1,84958,2,4,46
64,42,9,30850,2,2,70
56,230,1,15257,2,2,67
82,120,9,NA,2,2,82
16,120,1,346,2,5,47
22,154,2,60093,2,2,50
234,62,1,17760,2,1,21
152,232,1,11562,2,1,38
60,30,9,10369,2,2,76
28,308,3,9848,2,4,20
66,30,1,13172,2,1,40
165,368,1,19528,2,2,50
106,294,5,10172,2,3,26
138,284,1,34793,2,3,49
111,180,7,4694,2,3,51
56,54,1,2484,2,1,39
56,49,10,NA,2,8,27
10,220,2,NA,2,7,31
33,62,2,2346,2,6,47
132,333,7,NA,2,3,28
64,292,7,14020,2,4,30
198,40,10,17254,2,6,18
44,92,5,3626,2,1,30
104,46,7,12554,2,5,32
106,82,9,8257,2,1,85
50,60,9,NA,2,2,57
194,80,7,1227,2,1,55
116,378,1,17205,2,7,41
222,372,1,NA,2,5,27
18,300,8,NA,2,3,25
64,432,7,227,2,6,36
220,330,1,20058,2,5,32
48,282,2,23652,2,2,52
132,224,2,78952,2,6,59
132,304,2,65421,2,4,44
60,174,9,7030,2,1,63
20,372,9,16011,2,2,68
216,286,11,NA,2,4,48
92,156,9,32810,2,1,64
138,300,1,43023,3,2,49
99,122,9,48702,3,2,85
46,32,1,89450,3,3,46
196,115,9,NA,3,2,64
70,42,1,27957,3,1,54
132,96,1,NA,4,2,50
170,150,2,NA,1,4,34
152,149,7,NA,1,4,38
70,292,2,NA,1,3,49
154,185,7,NA,1,3,31
68,240,1,NA,1,2,48
36,390,9,NA,1,1,63
116,190,2,NA,1,4,31
106,352,7,NA,1,5,35
30,385,9,NA,1,1,50
56,360,1,NA,1,3,49
170,46,6,NA,1,1,33
198,372,6,NA,1,4,22
170,75,2,NA,1,2,22
156,358,6,NA,1,1,48
39,20,1,77468,1,4,30
57,310,1,39183,1,3,26
156,427,1,29225,1,3,36
56,244,9,16148,2,2,82
106,225,7,1223,3,2,22
154,114,2,54125,3,2,57
128,286,1,26483,3,1,38
38,310,1,NA,3,2,51
54,122,1,55374,3,4,40
110,152,2,19885,3,2,39
196,120,10,48848,3,2,25
128,92,1,47477,3,4,49
28,207,2,12971,3,3,20
53,32,1,24510,3,2,51
108,42,5,26082,3,4,44
76,232,8,815,3,1,41
50,417,7,NA,3,5,33
14,120,5,7040,3,2,59
170,282,2,NA,2,1,34
99,176,1,NA,2,4,39
132,290,8,NA,2,1,32
64,447,2,NA,2,2,31
4,70,1,NA,2,3,48
48,230,9,NA,2,2,65
48,188,9,NA,2,1,50
100,292,2,451,2,1,36
122,75,7,NA,2,3,40
196,465,1,NA,2,3,26
63,132,10,NA,1,4,16
132,358,9,12167,2,2,66
14,20,8,54470,2,2,44
60,176,1,83313,2,2,59
62,74,1,89857,2,4,49
116,224,2,22950,2,3,55
220,148,9,NA,2,2,64
20,92,9,30409,2,2,71
230,240,9,38011,2,2,85
38,138,2,21479,2,2,64
170,98,9,17961,2,1,80
78,38,1,13239,2,2,42
230,232,9,55282,2,1,63
54,208,1,27925,2,2,36
88,447,9,NA,2,2,69
56,310,9,10260,2,1,76
198,150,8,NA,2,5,31
64,42,2,4125,2,2,46
198,32,9,NA,2,2,67
88,195,1,21053,2,2,55
148,298,2,NA,2,1,50
92,252,9,14314,2,2,68
36,39,9,3468,2,2,84
138,290,2,NA,2,2,48
92,32,10,77057,1,4,25
156,27,6,54097,1,1,41
122,300,1,20193,1,2,49
198,235,1,31554,1,3,50
202,240,1,33995,3,1,40
166,355,1,16580,3,3,55
56,248,7,2337,4,4,37
194,340,1,NA,4,1,41
24,80,9,2230,4,3,70
6,46,1,17270,4,3,44
122,380,9,NA,4,2,63
154,186,9,46318,4,2,69
154,18,7,32202,4,3,68
54,298,1,25338,4,4,39
44,88,9,88089,4,2,63
162,18,1,68417,4,2,55
56,355,9,50039,4,2,85
14,315,2,65933,4,4,32
76,24,9,24179,4,1,76
120,46,5,8510,4,2,35
166,310,1,24485,4,1,37
54,172,9,13591,4,2,60
62,154,1,37346,4,2,29
44,148,1,35967,3,4,41
156,106,2,NA,3,2,52
26,188,1,71023,3,3,43
37,220,2,NA,3,3,35
100,186,1,44634,3,2,25
88,272,1,NA,4,1,48
156,340,2,NA,3,1,58
24,213,1,NA,3,5,44
170,94,1,NA,3,4,45
196,358,1,15184,2,1,55
132,312,9,2796,2,1,60
8,290,10,17828,2,5,16
104,138,7,25095,3,5,37
94,380,2,18353,3,4,35
48,284,9,6647,3,1,77
54,298,5,9285,3,2,25
140,306,1,NA,3,3,58
26,116,2,41186,3,4,40
38,172,1,25483,3,1,57
14,190,9,NA,3,1,82
64,382,5,NA,2,1,54
26,429,1,29949,2,2,54
108,96,9,14210,2,2,62
19,304,1,19162,2,4,25
88,26,1,NA,2,3,48
15,52,7,34720,2,4,39
68,256,9,7552,2,2,81
122,228,8,17352,2,1,40
148,132,1,17202,2,1,59
31,355,8,9437,2,2,54
26,447,3,31281,2,4,21
106,300,9,86315,2,3,32
170,98,9,3779,2,2,70
234,87,9,12350,2,2,55
74,148,1,57047,2,4,33
202,224,9,10744,2,2,79
138,122,6,35363,2,1,37
140,172,8,6332,2,5,24
80,98,1,21430,2,2,32
170,305,1,27487,3,2,56
18,286,9,8743,3,2,84
104,372,1,28008,4,2,31
128,288,1,53853,4,1,46
140,447,2,328,3,1,63
156,80,9,NA,3,2,73
66,108,7,25830,3,7,45
66,192,1,77863,4,4,30
148,290,2,24482,3,2,28
94,198,1,29528,3,2,47
72,122,1,53395,2,2,56
25,166,5,2860,2,1,59
76,308,2,15330,2,1,79
46,290,2,84179,2,2,37
76,310,9,24399,2,1,68
216,290,9,88855,2,2,68
104,186,1,NA,2,1,38
132,32,2,85842,2,2,66
35,453,9,16448,2,1,85
54,42,9,37828,2,2,81
126,152,7,NA,2,4,44
154,372,9,56081,2,2,69
122,378,2,NA,2,4,45
24,185,9,12000,1,2,79
138,174,10,NA,1,5,20
64,126,1,24078,1,1,42
17,154,1,64672,1,2,32
57,98,1,26618,1,1,47
14,6,1,89321,1,2,33
56,360,1,23846,1,2,56
31,30,7,17569,1,3,46
88,305,1,45414,1,1,41
40,108,1,35579,1,3,59
154,116,1,24037,1,2,59
69,214,1,89217,1,3,36
76,286,1,43238,1,1,21
44,48,2,41688,1,5,57
81,288,1,78062,1,2,37
37,352,1,57161,1,2,35
80,30,1,83860,1,3,32
56,94,1,63949,1,1,28
170,298,7,10968,1,2,35
64,148,9,NA,1,2,74
29,214,2,43114,1,4,39
128,298,6,15492,1,2,56
98,38,1,33770,1,1,55
33,42,2,49456,1,4,33
230,234,1,57258,1,2,28
58,22,2,NA,2,4,25
88,74,8,5810,2,4,33
120,42,1,31928,2,2,26
108,248,6,3937,2,2,22
36,82,1,9498,2,2,27
36,348,8,569,2,1,43
120,110,8,NA,2,2,44
94,144,9,NA,2,1,84
216,108,1,13017,2,1,32
156,384,2,NA,2,2,56
198,308,8,8289,2,1,36
20,154,9,14530,2,2,64
76,176,7,9518,2,1,46
92,54,2,16607,2,3,30
70,144,9,7406,2,1,74
122,310,9,14400,2,2,61
115,385,2,NA,2,2,18
8,366,1,14366,2,1,59
170,310,5,87976,2,4,59
76,36,1,26354,2,2,53
128,310,9,28111,2,2,83
170,130,9,41623,2,1,61
74,98,1,68233,2,6,38
74,278,9,NA,2,2,74
156,144,5,3391,2,3,57
68,152,2,5923,2,2,42
38,306,1,68293,2,5,43
86,172,2,89822,2,4,55
72,50,8,27759,2,2,56
26,378,10,NA,2,2,46
76,348,1,43072,2,3,31
194,138,1,28424,2,5,41
16,104,1,66564,2,3,24
94,46,1,63195,2,2,52
56,248,1,NA,2,2,44
27,174,1,36215,2,3,30
56,308,9,13740,2,1,77
76,50,1,24792,2,1,61
56,286,2,29874,2,3,23
81,244,1,40344,2,3,32
54,213,1,50249,2,3,38
56,345,1,NA,4,2,41
98,18,1,NA,4,3,34
39,264,1,66347,3,2,33
156,154,1,29826,3,1,34
196,304,9,NA,3,2,79
196,304,9,5654,3,1,69
22,34,2,37798,3,4,53
132,130,1,43273,4,4,47
128,104,9,NA,4,1,80
156,212,9,NA,4,1,83
144,232,2,61141,4,4,56
110,180,1,81050,4,1,42
122,298,2,NA,4,2,67
76,298,1,56816,4,2,50
222,46,2,NA,4,1,68
152,234,6,NA,2,3,46
20,248,1,55307,2,2,48
18,8,1,NA,2,3,59
222,372,1,88737,2,2,33
14,248,1,67524,2,3,36
26,320,9,NA,2,2,66
24,74,1,88619,2,2,51
138,52,5,25613,2,2,32
128,380,9,1771,2,1,62
110,304,1,75349,2,2,48
48,150,2,74066,2,2,22
88,154,1,18043,2,5,25
30,568,1,5390,4,1,54
198,368,1,18560,4,1,65
170,372,9,1429,4,1,81
66,286,9,4073,3,1,83
56,282,9,18207,4,2,84
234,296,9,36106,4,1,64
20,122,9,9941,4,1,75
54,150,1,41924,2,4,42
56,183,9,27068,2,2,62
68,235,8,4154,2,1,58
198,147,9,NA,2,1,67
36,224,2,75907,2,2,69
170,143,9,NA,2,1,64
196,192,2,21872,2,2,68
18,234,8,793,2,1,57
42,144,1,27463,2,3,35
98,122,9,41298,2,2,73
66,298,7,20664,2,5,43
104,132,9,2932,2,1,76
30,126,2,84192,2,4,49
56,198,1,21284,2,3,48
138,38,2,20935,2,2,59
122,172,9,NA,2,2,66
88,60,9,28974,2,1,75
132,55,9,NA,2,3,77
94,138,9,NA,2,2,65
18,20,1,13671,2,1,53
44,212,1,25907,2,2,35
220,366,2,13245,2,2,39
222,225,9,13013,2,2,71
126,32,1,NA,2,1,42
82,232,2,NA,2,4,48
94,104,2,45631,2,2,59
144,234,9,NA,2,2,67
48,122,2,40049,2,4,45
36,298,9,2879,2,1,75
196,248,1,NA,2,2,41
64,232,1,42902,2,2,44
98,382,9,14451,2,2,60
117,224,2,46230,2,4,49
156,190,2,2670,2,3,34
156,150,2,27420,2,2,62
18,88,1,75054,2,3,45
220,224,9,30451,2,2,65
77,106,1,23546,2,3,49
170,340,1,16972,2,1,64
156,330,9,80276,2,1,70
166,22,9,NA,2,2,70
120,80,9,8978,2,2,67
54,272,1,7144,2,3,48
120,112,9,7508,2,2,72
29,138,2,69564,2,5,29
82,348,1,43662,2,3,23
98,180,10,12103,2,2,18
110,384,7,22875,2,9,23
17,278,1,3409,2,2,27
38,192,9,1173,2,2,65
126,62,9,NA,2,1,84
104,144,11,1426,2,2,38
29,214,2,NA,2,2,20
92,298,8,NA,2,4,41
8,183,2,6061,2,4,28
88,204,9,NA,2,2,65
132,294,1,NA,1,1,58
122,42,1,26601,4,1,49
17,152,1,65304,4,1,52
26,304,9,NA,3,2,66
62,174,9,5936,2,1,73
115,390,9,NA,2,2,68
144,417,9,NA,2,2,55
166,298,9,12399,2,1,81
170,108,1,12753,2,2,29
166,188,2,9529,2,1,60
220,352,1,NA,2,2,69
138,172,1,NA,2,1,55
92,378,9,NA,2,2,81
88,288,9,NA,2,2,63
94,306,1,33434,2,1,42
2,284,8,NA,2,1,56
147,264,2,1816,2,2,43
22,312,2,NA,2,3,40
80,166,1,52393,2,2,28
36,63,8,NA,2,3,52
46,305,2,6239,2,6,27
116,180,2,NA,2,2,47
56,30,1,20031,2,5,46
99,192,1,NA,2,5,31
216,192,8,NA,2,3,50
54,214,1,83314,2,4,43
56,429,5,NA,2,2,55
56,244,9,NA,2,2,78
138,207,9,NA,2,1,83
98,429,8,NA,2,4,54
64,18,1,59167,2,3,39
122,150,9,NA,2,1,79
88,36,5,NA,2,1,17
30,148,7,NA,2,5,44
18,192,2,43639,2,4,45
54,32,1,53034,2,2,65
152,98,8,8757,2,1,40
26,60,1,47326,2,2,25
202,298,2,NA,2,2,63
110,40,1,55697,2,5,45
92,122,9,31073,2,1,72
198,186,1,13830,2,1,39
88,34,9,3516,2,1,85
166,298,2,56954,2,2,63
216,282,1,4273,2,2,46
76,248,9,25103,2,2,71
108,310,2,46789,2,4,33
88,230,1,48503,2,2,29
166,348,1,47667,2,2,45
72,286,1,NA,2,1,27
170,26,2,NA,2,1,24
36,248,1,NA,2,2,24
94,145,7,14821,2,3,25
126,32,2,2989,2,1,40
222,192,5,NA,2,2,21
70,152,7,NA,2,3,37
20,145,9,NA,2,1,65
166,50,1,27879,2,2,37
88,310,1,49508,2,2,26
100,248,2,70706,2,2,59
116,111,9,NA,2,2,60
152,30,9,31365,2,2,62
122,183,7,30010,2,1,43
76,220,9,10277,2,1,69
70,58,7,NA,2,2,30
198,272,9,NA,2,2,73
98,286,1,65421,2,4,44
62,22,1,20546,2,2,21
108,30,1,NA,2,1,51
20,42,2,18429,2,2,54
56,98,9,NA,2,1,79
82,216,9,NA,2,1,84
116,286,9,434,2,2,84
42,32,7,31946,2,5,32
88,352,1,17128,2,2,39
132,36,1,NA,2,3,50
56,240,1,20499,2,4,32
56,231,1,10736,2,1,32
72,306,7,23330,2,4,41
140,355,2,33246,2,5,40
42,288,1,10724,2,5,44
148,69,1,NA,2,2,68
234,320,8,4203,2,1,81
122,388,6,9397,1,1,27
38,429,9,NA,1,1,52
53,216,2,NA,1,6,25
4,330,5,NA,1,4,33
64,12,9,NA,1,1,71
64,282,2,NA,1,2,29
156,284,2,NA,1,2,29
11,286,1,NA,1,2,39
76,40,1,NA,1,3,24
132,288,1,NA,1,1,62
32,288,1,NA,1,2,59
108,207,8,NA,1,2,47
166,264,2,NA,2,3,40
88,150,9,NA,2,2,67
106,132,2,53530,3,3,35
120,150,1,1566,3,3,38
70,272,1,37804,4,2,22
120,288,9,5403,4,1,67
220,230,8,8758,3,4,36
98,256,1,NA,3,2,49
76,188,1,57447,3,4,42
26,278,1,26911,3,1,30
56,98,1,22779,3,1,47
156,144,1,NA,3,2,22
50,116,7,20197,3,3,22
26,32,1,NA,3,5,39
24,20,1,59391,3,3,31
202,20,7,NA,2,2,17
32,75,10,9636,1,2,23
154,278,2,25692,1,3,42
88,38,1,67482,1,2,23
64,248,9,12662,2,1,67
44,42,1,67051,2,2,48
108,172,1,26724,2,1,43
106,232,1,53870,2,1,37
70,120,1,71770,2,1,39
16,226,2,40734,2,4,41
132,30,1,NA,2,3,16
116,300,1,2222,2,1,27
194,42,7,5874,2,2,26
38,230,9,7972,2,1,73
172,351,9,28648,2,2,50
25,224,5,7414,2,3,43
70,30,5,19419,2,2,33
108,92,5,6465,2,2,26
129,292,10,12153,2,2,46
202,147,1,38743,2,2,24
162,46,1,41576,2,2,27
32,30,2,12227,2,2,34
26,385,9,4650,2,1,63
49,192,8,29386,2,3,54
220,232,7,9555,2,4,36
148,372,10,9380,2,2,30
69,78,5,9176,2,4,36
106,282,1,29899,2,1,41
72,42,9,3176,2,1,79
152,216,9,7004,2,1,76
220,298,5,NA,2,2,20
98,244,9,8042,2,1,71
216,288,8,1357,2,1,40
104,30,1,61664,2,1,56
22,26,1,25136,2,1,22
111,24,1,25458,2,3,40
2,148,7,10958,2,1,36
128,288,1,14332,2,1,35
94,72,1,32003,2,1,42
140,232,9,NA,4,2,53
76,36,2,NA,4,2,72
18,46,1,16980,4,2,62
154,388,9,29256,4,2,53
100,176,9,50201,4,1,62
20,264,2,66544,4,4,33
38,298,9,NA,3,2,79
20,256,9,32606,3,1,76
166,230,1,NA,4,2,55
222,272,9,NA,4,1,72
92,32,9,16952,2,2,65
32,36,1,47139,2,2,24
28,286,1,52165,2,5,47
88,138,9,9421,2,1,71
88,232,9,NA,2,2,67
82,310,9,4390,2,2,84
2,166,9,1543,2,1,85
82,52,9,NA,2,1,82
54,288,9,17778,2,2,78
26,46,9,33997,2,2,68
140,20,2,35333,2,3,22
132,50,2,23927,2,4,63
101,230,1,NA,2,1,41
78,42,5,24305,2,3,37
176,310,7,NA,2,2,67
196,358,9,10597,2,2,63
64,50,9,NA,2,2,83
72,308,9,NA,2,3,83
18,235,9,NA,2,1,84
148,447,9,3924,4,1,66
68,214,9,57747,4,2,60
54,447,9,NA,4,1,75
70,213,1,52517,4,3,39
234,30,9,45919,4,2,71
96,362,1,20554,4,2,67
86,355,1,NA,4,1,31
110,8,2,22645,4,3,26
198,150,2,NA,4,5,47
36,290,1,NA,2,2,51
56,138,9,1790,4,2,79
128,138,9,63687,4,2,61
76,108,1,67394,4,3,77
56,174,2,2577,2,3,43
8,130,9,NA,2,1,84
36,144,1,NA,2,1,45
78,192,1,25266,2,3,43
85,36,1,49193,2,1,48
94,192,2,73667,2,5,36
170,396,9,NA,2,2,78
76,230,9,NA,2,2,82
170,166,2,18081,2,1,59
106,224,9,NA,2,2,77
110,42,2,34015,2,4,34
20,26,2,NA,2,2,52
128,150,1,54638,2,1,29
216,8,9,9153,2,2,74
138,122,9,NA,2,2,67
122,220,7,18737,2,2,50
132,358,1,66221,2,1,59
9,228,2,28307,2,4,37
156,192,1,NA,2,2,17
61,308,1,44050,2,3,25
170,264,1,19190,2,2,37
156,218,9,20911,2,2,74
66,116,1,47657,2,3,35
220,222,9,21807,2,2,62
126,380,9,628,2,2,62
156,382,9,16744,2,1,81
172,118,9,8745,2,1,66
70,240,1,73266,2,5,46
128,230,1,26653,2,2,47
222,118,8,4810,2,2,32
92,230,1,7257,2,3,47
70,45,1,37059,2,3,45
24,358,9,NA,1,2,75
156,306,2,NA,1,4,35
98,355,2,NA,1,6,35
88,240,1,NA,1,3,23
106,315,7,NA,1,1,37
222,10,1,NA,1,5,31
92,141,7,NA,1,3,32
44,138,9,NA,1,2,60
92,231,5,NA,1,1,25
54,368,1,NA,1,4,32
116,355,2,NA,1,4,38
64,382,6,NA,1,3,33
66,355,7,NA,1,4,50
216,216,5,NA,1,1,48
106,366,1,NA,1,4,26
128,330,9,NA,1,2,65
76,185,7,NA,1,5,37
76,355,1,NA,1,2,24
230,150,7,NA,1,3,34
72,298,1,48777,4,4,39
196,238,9,NA,4,2,74
172,60,1,32261,4,1,44
216,154,9,3956,4,2,69
54,26,9,NA,4,2,80
76,238,9,NA,4,1,75
66,224,9,33339,4,2,68
50,278,2,67678,3,4,36
72,176,9,22679,3,2,78
88,298,2,27263,3,2,42
170,30,1,30647,3,1,41
76,45,1,25040,3,3,39
216,68,1,NA,3,5,54
70,240,9,NA,4,3,65
64,52,1,63516,4,3,34
76,26,9,NA,3,1,81
72,278,2,78616,3,3,31
72,288,9,53895,2,2,82
202,340,9,NA,2,2,70
98,286,1,80134,2,2,38
128,130,7,46764,2,5,46
99,122,1,84841,2,3,41
48,464,2,NA,2,5,42
70,172,9,17799,2,2,68
62,98,5,6253,2,1,41
138,380,1,43908,3,2,42
126,152,1,49580,3,2,31
70,15,1,67305,3,3,43
38,110,7,83552,3,3,42
54,154,1,84486,3,2,34
64,218,9,16180,3,2,65
77,288,1,85213,3,4,34
54,150,9,15660,3,2,73
104,225,9,5662,3,1,75
166,232,2,11512,3,1,67
116,396,9,3599,3,1,60
172,6,1,66409,4,2,50
78,145,1,48545,3,2,56
56,298,9,19210,3,2,64
78,118,7,36889,3,5,30
64,298,9,NA,3,2,71
54,8,2,22883,2,3,67
26,230,9,NA,2,1,85
202,62,2,7416,2,5,36
56,26,1,NA,2,2,30
154,46,10,12554,2,3,19
66,288,1,40161,2,2,27
24,372,9,4709,2,1,75
76,372,9,19945,2,2,73
82,385,1,18519,2,1,51
54,122,1,20907,2,2,29
230,304,1,45389,2,3,41
50,88,7,17351,2,4,31
78,54,2,58861,2,4,47
8,60,1,85773,2,5,25
138,244,9,12217,2,1,60
49,45,2,43672,2,3,43
10,148,2,74507,2,2,60
122,306,1,NA,2,2,51
196,351,9,85488,2,2,68
54,158,9,NA,2,2,84
62,290,1,42953,2,2,25
66,304,7,NA,2,4,29
56,118,9,NA,2,1,71
11,304,8,NA,2,1,84
198,230,8,NA,2,1,50
110,244,9,NA,2,1,80
122,74,7,NA,2,2,16
25,152,2,NA,2,3,49
64,294,9,NA,2,1,70
57,300,1,NA,2,3,41
122,162,9,NA,2,1,71
222,192,9,NA,2,1,81
44,304,1,NA,2,4,39
162,234,2,NA,2,3,56
128,282,9,NA,2,2,78
156,172,9,NA,2,2,67
88,26,9,NA,2,2,82
41,172,2,NA,2,3,39
144,308,9,NA,2,2,75
101,80,2,NA,2,1,60
32,375,7,256,2,3,26
104,98,1,13179,2,1,53
106,234,2,1053,2,2,34
140,290,7,2375,2,2,24
198,290,7,11637,2,2,21
154,34,1,4383,2,3,30
19,152,7,45802,2,2,29
30,26,2,34794,2,4,41
94,104,9,14416,2,1,60
156,355,8,12023,2,1,49
68,355,1,27808,2,1,32
82,192,1,17475,2,1,54
64,230,9,7774,2,1,70
110,180,9,14707,2,4,67
216,50,8,11046,2,1,52
147,218,5,12170,2,2,18
138,298,9,3694,2,1,81
194,166,1,53663,2,2,58
76,302,9,12435,2,3,52
108,240,9,2104,2,2,54
170,340,1,NA,2,2,30
20,290,1,NA,2,3,59
30,288,9,NA,2,1,68
106,130,8,NA,2,1,57
154,616,5,NA,2,2,17
100,305,1,NA,2,1,33
64,118,9,NA,2,1,84
108,150,9,NA,2,2,80
22,60,2,NA,2,4,22
69,189,1,78101,2,3,17
62,368,9,NA,2,1,61
116,122,1,NA,2,3,23
82,315,1,NA,2,4,19
64,298,7,NA,2,3,29
64,38,1,NA,2,3,19
70,188,1,NA,2,2,16
64,290,9,NA,2,2,63
132,39,1,87756,2,3,20
62,290,9,NA,2,3,33
86,68,1,56038,2,5,24
140,128,1,NA,2,3,29
104,154,8,NA,2,2,52
8,40,1,55359,2,2,59
66,226,1,67164,2,4,16
148,192,1,NA,2,2,65
216,172,1,NA,2,4,19
156,116,1,34584,2,2,28
32,92,1,39256,2,4,20
198,172,9,NA,2,1,63
35,116,1,NA,2,3,39
22,42,2,NA,2,4,18
100,118,1,NA,2,4,17
140,62,2,NA,2,1,69
94,222,1,18071,2,1,59
194,174,1,NA,2,2,28
156,186,9,NA,2,2,65
76,232,2,NA,2,2,69
156,172,6,NA,2,1,46
44,78,1,44040,2,4,26
15,24,1,76777,4,2,42
144,30,1,30651,4,4,47
38,115,1,NA,4,1,54
54,256,9,48160,4,2,67
24,162,1,78671,3,4,31
110,230,9,NA,3,2,65
138,60,9,2406,3,1,61
156,192,2,53264,4,4,45
138,152,1,77214,4,2,46
152,104,9,15992,3,2,84
10,198,9,22009,3,2,84
230,141,1,50510,2,2,49
138,8,1,57487,2,2,59
64,372,9,11723,2,1,76
220,248,1,31990,2,1,40
140,228,1,47133,2,3,29
152,228,1,23502,2,1,28
19,108,1,89531,2,3,41
48,30,1,13553,2,1,23
76,278,7,12248,2,1,82
38,122,1,47417,2,1,48
44,378,2,13094,2,2,36
88,286,2,NA,2,2,63
48,290,9,4548,2,1,62
128,42,9,NA,2,1,59
70,286,7,NA,2,2,56
222,248,9,NA,2,1,81
198,108,9,NA,2,1,82
64,144,2,NA,2,3,45
88,195,8,1177,2,1,62
44,308,2,14115,2,2,53
120,278,9,NA,2,1,75
76,212,5,NA,2,4,39
66,114,1,NA,2,1,23
44,122,1,NA,2,2,23
198,110,2,58304,2,6,44
64,192,1,NA,2,4,42
64,286,1,9579,2,1,18
138,98,1,32368,2,5,41
44,120,1,653,2,1,42
170,372,9,NA,2,3,82
132,150,1,41934,2,4,41
76,232,7,NA,2,3,25
154,116,2,NA,2,4,46
234,355,1,NA,2,4,43
222,98,2,NA,2,2,50
230,372,1,79943,2,1,55
144,248,6,NA,2,3,55
104,150,9,NA,2,1,66
216,10,1,NA,2,2,52
216,36,9,9520,2,1,84
120,40,1,23419,2,1,54
202,32,9,NA,2,2,60
87,362,9,NA,2,3,67
26,108,9,NA,2,2,80
76,308,9,14598,2,1,78
122,30,1,NA,2,4,45
26,352,1,31807,2,3,40
152,232,1,50173,2,2,21
62,222,1,59397,4,2,44
198,284,9,17938,3,2,67
64,252,1,72658,4,2,46
88,32,1,23836,2,2,31
104,30,9,NA,4,1,77
202,94,9,86420,4,2,65
54,154,9,NA,4,2,84
216,225,2,59919,4,4,57
56,378,1,NA,4,2,63
70,114,2,32726,4,4,44
83,244,7,30311,4,4,41
24,298,1,71298,4,4,41
86,240,8,5586,1,2,44
60,298,7,10889,1,3,34
156,304,7,2354,1,3,26
2,122,7,6980,1,2,39
156,180,9,24986,1,1,78
60,42,2,13167,1,4,30
64,234,1,14915,1,1,41
64,38,1,31138,1,3,45
30,224,1,88644,1,1,31
132,358,7,28632,1,2,34
48,252,9,21107,2,2,62
54,256,7,14821,2,4,21
88,216,1,27710,2,2,44
20,75,1,42318,2,3,32
36,282,1,NA,2,2,42
40,78,1,31031,2,1,55
76,87,1,NA,2,4,39
170,232,1,24470,2,2,69
19,312,9,52817,2,1,59
54,152,9,NA,2,1,74
234,138,1,NA,2,1,45
122,378,2,9610,2,4,42
82,192,9,NA,2,2,65
88,30,1,40570,2,3,46
38,27,13,NA,2,2,51
75,30,1,NA,1,1,35
116,248,7,29976,1,3,32
34,22,2,NA,1,2,41
156,234,1,12552,2,1,66
44,150,1,19845,2,3,56
38,110,9,6869,2,1,85
144,24,10,NA,2,5,17
216,54,2,22310,2,3,23
122,372,7,18069,2,7,24
36,40,9,11235,2,1,84
88,106,2,3608,2,1,57
196,42,1,21984,2,2,37
148,46,1,10062,2,2,25
154,300,9,7615,2,2,78
117,98,1,30717,2,1,24
60,162,7,17801,2,4,38
60,62,10,29548,2,4,16
88,248,1,18507,2,1,55
138,176,1,45302,2,4,37
